7.436587,228845,read,mt_devnull,0
2.600461,1966,futex,mt_devnull,0
2.260721,256,nanosleep,mt_devnull,0
0.473898,28108,brk,mt_devnull,0
0.125431,267,mprotect,mt_devnull,0
0.113631,292,mmap,mt_devnull,0
0.043574,15,munmap,mt_devnull,0
0.032709,255,clone,mt_devnull,0
0.016949,118,write,mt_devnull,0
0.008385,155,open,mt_devnull,0
0.001868,18,close,mt_devnull,0
0.001004,64,stat,mt_devnull,0
0.000819,15,fstat,mt_devnull,0
0.000149,13,lseek,mt_devnull,0
0.000025,1,access,mt_devnull,0
0.000020,1,execve,mt_devnull,0
0.000013,1,arch_prctl,mt_devnull,0
0.000000,2,rt_sigaction,mt_devnull,0
0.000000,1,rt_sigprocmask,mt_devnull,0
0.000000,1,getrlimit,mt_devnull,0
0.000000,1,set_tid_address,mt_devnull,0
0.000000,1,set_robust_list,mt_devnull,0
21.312775,1950,futex,mt_ssd,0
5.861959,228865,read,mt_ssd,0
2.271383,257,nanosleep,mt_ssd,0
0.425412,28110,brk,mt_ssd,0
0.136366,292,mmap,mt_ssd,0
0.131360,267,mprotect,mt_ssd,0
0.073309,123,write,mt_ssd,0
0.038792,255,clone,mt_ssd,0
0.034929,15,munmap,mt_ssd,0
0.007588,155,open,mt_ssd,0
0.001838,18,close,mt_ssd,0
0.000724,64,stat,mt_ssd,0
0.000623,15,fstat,mt_ssd,0
0.000163,13,lseek,mt_ssd,0
0.000024,2,rt_sigaction,mt_ssd,0
0.000013,1,arch_prctl,mt_ssd,0
0.000012,1,rt_sigprocmask,mt_ssd,0
0.000012,1,access,mt_ssd,0
0.000012,1,getrlimit,mt_ssd,0
0.000011,1,set_tid_address,mt_ssd,0
0.000009,1,execve,mt_ssd,0
0.000009,1,set_robust_list,mt_ssd,0
29.608075,1930,futex,mt_lustre,0
6.370417,228853,read,mt_lustre,0
2.284198,264,nanosleep,mt_lustre,0
0.487025,28112,brk,mt_lustre,0
0.166449,267,mprotect,mt_lustre,0
0.109086,292,mmap,mt_lustre,0
0.091230,123,write,mt_lustre,0
0.040675,255,clone,mt_lustre,0
0.023414,15,munmap,mt_lustre,0
0.006833,155,open,mt_lustre,0
0.001338,18,close,mt_lustre,0
0.000990,64,stat,mt_lustre,0
0.000602,15,fstat,mt_lustre,0
0.000093,13,lseek,mt_lustre,0
0.000025,1,access,mt_lustre,0
0.000023,2,rt_sigaction,mt_lustre,0
0.000020,1,execve,mt_lustre,0
0.000013,1,getrlimit,mt_lustre,0
0.000011,1,rt_sigprocmask,mt_lustre,0
0.000011,1,set_tid_address,mt_lustre,0
0.000010,1,arch_prctl,mt_lustre,0
0.000010,1,set_robust_list,mt_lustre,0
6.147765,228845,read,mp_ssd,0
0.386427,28106,brk,mp_ssd,0
0.139717,17,nanosleep,mp_ssd,0
0.047220,123,write,mp_ssd,0
0.038507,15,munmap,mp_ssd,0
0.038213,349,futex,mp_ssd,0
0.006739,155,open,mp_ssd,0
0.001743,52,mmap,mp_ssd,0
0.001426,18,close,mp_ssd,0
0.001042,64,stat,mp_ssd,0
0.001022,27,mprotect,mp_ssd,0
0.000879,15,clone,mp_ssd,0
0.000594,15,fstat,mp_ssd,0
0.000141,13,lseek,mp_ssd,0
0.000026,1,execve,mp_ssd,0
0.000024,2,rt_sigaction,mp_ssd,0
0.000024,1,access,mp_ssd,0
0.000012,1,rt_sigprocmask,mp_ssd,0
0.000012,1,getrlimit,mp_ssd,0
0.000011,1,arch_prctl,mp_ssd,0
0.000011,1,set_tid_address,mp_ssd,0
0.000009,1,set_robust_list,mp_ssd,0
6.370411,228869,read,mp_lustre,0
0.405014,28108,brk,mp_lustre,0
0.266546,473,futex,mp_lustre,0
0.166329,18,nanosleep,mp_lustre,0
0.146505,135,write,mp_lustre,0
0.088839,15,munmap,mp_lustre,0
0.005251,155,open,mp_lustre,0
0.003671,52,mmap,mp_lustre,0
0.003155,15,clone,mp_lustre,0
0.001987,27,mprotect,mp_lustre,0
0.000990,18,close,mp_lustre,0
0.000872,64,stat,mp_lustre,0
0.000580,15,fstat,mp_lustre,0
0.000177,13,lseek,mp_lustre,0
0.000022,2,rt_sigaction,mp_lustre,0
0.000013,1,arch_prctl,mp_lustre,0
0.000012,1,rt_sigprocmask,mp_lustre,0
0.000012,1,getrlimit,mp_lustre,0
0.000011,1,set_tid_address,mp_lustre,0
0.000010,1,set_robust_list,mp_lustre,0
0.000000,1,access,mp_lustre,0
0.000000,1,execve,mp_lustre,0
6.049284,228857,read,mp_ssd,1
0.384028,28108,brk,mp_ssd,1
0.120425,16,nanosleep,mp_ssd,1
0.045333,15,munmap,mp_ssd,1
0.040811,121,write,mp_ssd,1
0.029693,333,futex,mp_ssd,1
0.006471,155,open,mp_ssd,1
0.001502,52,mmap,mp_ssd,1
0.001306,15,clone,mp_ssd,1
0.001087,27,mprotect,mp_ssd,1
0.001013,64,stat,mp_ssd,1
0.000628,15,fstat,mp_ssd,1
0.000519,18,close,mp_ssd,1
0.000155,13,lseek,mp_ssd,1
0.000026,1,access,mp_ssd,1
0.000023,2,rt_sigaction,mp_ssd,1
0.000014,1,arch_prctl,mp_ssd,1
0.000013,1,getrlimit,mp_ssd,1
0.000013,1,set_tid_address,mp_ssd,1
0.000011,1,rt_sigprocmask,mp_ssd,1
0.000010,1,set_robust_list,mp_ssd,1
0.000000,1,execve,mp_ssd,1
7.370290,228853,read,mp_lustre,1
0.498162,28110,brk,mp_lustre,1
0.177182,455,futex,mp_lustre,1
0.148554,16,nanosleep,mp_lustre,1
0.086029,125,write,mp_lustre,1
0.024051,15,munmap,mp_lustre,1
0.007821,52,mmap,mp_lustre,1
0.006883,155,open,mp_lustre,1
0.005447,27,mprotect,mp_lustre,1
0.005359,15,clone,mp_lustre,1
0.001326,64,stat,mp_lustre,1
0.001261,18,close,mp_lustre,1
0.000817,15,fstat,mp_lustre,1
0.000229,13,lseek,mp_lustre,1
0.000032,1,access,mp_lustre,1
0.000030,2,rt_sigaction,mp_lustre,1
0.000024,1,execve,mp_lustre,1
0.000021,1,getrlimit,mp_lustre,1
0.000016,1,arch_prctl,mp_lustre,1
0.000015,1,rt_sigprocmask,mp_lustre,1
0.000000,1,set_tid_address,mp_lustre,1
0.000000,1,set_robust_list,mp_lustre,1
6.095354,228867,read,mp_ssd,2
0.379457,28108,brk,mp_ssd,2
0.138016,17,nanosleep,mp_ssd,2
0.061321,136,write,mp_ssd,2
0.040241,15,munmap,mp_ssd,2
0.037065,334,futex,mp_ssd,2
0.005953,155,open,mp_ssd,2
0.001403,52,mmap,mp_ssd,2
0.001201,15,clone,mp_ssd,2
0.001079,18,close,mp_ssd,2
0.000989,64,stat,mp_ssd,2
0.000955,27,mprotect,mp_ssd,2
0.000665,15,fstat,mp_ssd,2
0.000141,13,lseek,mp_ssd,2
0.000026,1,access,mp_ssd,2
0.000024,2,rt_sigaction,mp_ssd,2
0.000020,1,execve,mp_ssd,2
0.000014,1,getrlimit,mp_ssd,2
0.000014,1,arch_prctl,mp_ssd,2
0.000012,1,rt_sigprocmask,mp_ssd,2
0.000012,1,set_tid_address,mp_ssd,2
0.000012,1,set_robust_list,mp_ssd,2
6.219219,228859,read,mp_lustre,2
0.384563,28110,brk,mp_lustre,2
0.219682,457,futex,mp_lustre,2
0.189905,144,write,mp_lustre,2
0.127160,15,nanosleep,mp_lustre,2
0.043319,15,munmap,mp_lustre,2
0.005474,155,open,mp_lustre,2
0.001512,52,mmap,mp_lustre,2
0.001023,64,stat,mp_lustre,2
0.000878,27,mprotect,mp_lustre,2
0.000878,15,clone,mp_lustre,2
0.000710,15,fstat,mp_lustre,2
0.000677,18,close,mp_lustre,2
0.000176,13,lseek,mp_lustre,2
0.000024,2,rt_sigaction,mp_lustre,2
0.000024,1,access,mp_lustre,2
0.000022,1,execve,mp_lustre,2
0.000013,1,arch_prctl,mp_lustre,2
0.000012,1,getrlimit,mp_lustre,2
0.000011,1,rt_sigprocmask,mp_lustre,2
0.000011,1,set_tid_address,mp_lustre,2
0.000009,1,set_robust_list,mp_lustre,2
6.592831,228871,read,mp_ssd,3
0.436048,28108,brk,mp_ssd,3
0.143950,16,nanosleep,mp_ssd,3
0.038480,119,write,mp_ssd,3
0.031927,15,munmap,mp_ssd,3
0.027011,325,futex,mp_ssd,3
0.005329,155,open,mp_ssd,3
0.003811,52,mmap,mp_ssd,3
0.002588,15,clone,mp_ssd,3
0.002225,27,mprotect,mp_ssd,3
0.001016,64,stat,mp_ssd,3
0.000645,15,fstat,mp_ssd,3
0.000339,18,close,mp_ssd,3
0.000174,13,lseek,mp_ssd,3
0.000027,1,access,mp_ssd,3
0.000024,1,execve,mp_ssd,3
0.000010,1,arch_prctl,mp_ssd,3
0.000000,2,rt_sigaction,mp_ssd,3
0.000000,1,rt_sigprocmask,mp_ssd,3
0.000000,1,getrlimit,mp_ssd,3
0.000000,1,set_tid_address,mp_ssd,3
0.000000,1,set_robust_list,mp_ssd,3
7.395680,228861,read,mp_lustre,3
0.506368,28108,brk,mp_lustre,3
0.233520,478,futex,mp_lustre,3
0.137409,15,nanosleep,mp_lustre,3
0.082570,131,write,mp_lustre,3
0.029003,15,munmap,mp_lustre,3
0.007828,52,mmap,mp_lustre,3
0.005185,27,mprotect,mp_lustre,3
0.005101,155,open,mp_lustre,3
0.004424,15,clone,mp_lustre,3
0.001032,18,close,mp_lustre,3
0.001012,64,stat,mp_lustre,3
0.000684,15,fstat,mp_lustre,3
0.000177,13,lseek,mp_lustre,3
0.000025,2,rt_sigaction,mp_lustre,3
0.000024,1,access,mp_lustre,3
0.000013,1,rt_sigprocmask,mp_lustre,3
0.000013,1,getrlimit,mp_lustre,3
0.000012,1,arch_prctl,mp_lustre,3
0.000011,1,set_tid_address,mp_lustre,3
0.000010,1,set_robust_list,mp_lustre,3
0.000000,1,execve,mp_lustre,3
6.927237,228851,read,mp_ssd,4
0.475307,28108,brk,mp_ssd,4
0.153240,15,nanosleep,mp_ssd,4
0.024516,15,munmap,mp_ssd,4
0.020869,128,write,mp_ssd,4
0.010075,359,futex,mp_ssd,4
0.005796,155,open,mp_ssd,4
0.005286,52,mmap,mp_ssd,4
0.004195,15,clone,mp_ssd,4
0.002608,27,mprotect,mp_ssd,4
0.001024,64,stat,mp_ssd,4
0.000864,18,close,mp_ssd,4
0.000618,15,fstat,mp_ssd,4
0.000229,13,lseek,mp_ssd,4
0.000024,1,access,mp_ssd,4
0.000020,1,execve,mp_ssd,4
0.000012,1,getrlimit,mp_ssd,4
0.000011,2,rt_sigaction,mp_ssd,4
0.000011,1,rt_sigprocmask,mp_ssd,4
0.000000,1,arch_prctl,mp_ssd,4
0.000000,1,set_tid_address,mp_ssd,4
0.000000,1,set_robust_list,mp_ssd,4
6.561950,228865,read,mp_lustre,4
0.437319,28110,brk,mp_lustre,4
0.225138,477,futex,mp_lustre,4
0.162361,15,munmap,mp_lustre,4
0.158066,16,nanosleep,mp_lustre,4
0.100707,125,write,mp_lustre,4
0.006089,52,mmap,mp_lustre,4
0.004367,155,open,mp_lustre,4
0.004289,27,mprotect,mp_lustre,4
0.003747,15,clone,mp_lustre,4
0.000973,18,close,mp_lustre,4
0.000928,64,stat,mp_lustre,4
0.000631,15,fstat,mp_lustre,4
0.000221,13,lseek,mp_lustre,4
0.000023,2,rt_sigaction,mp_lustre,4
0.000012,1,getrlimit,mp_lustre,4
0.000012,1,arch_prctl,mp_lustre,4
0.000011,1,rt_sigprocmask,mp_lustre,4
0.000011,1,set_tid_address,mp_lustre,4
0.000010,1,set_robust_list,mp_lustre,4
0.000000,1,access,mp_lustre,4
0.000000,1,execve,mp_lustre,4
6.240761,228865,read,mp_ssd,5
0.389225,28108,brk,mp_ssd,5
0.135616,16,nanosleep,mp_ssd,5
0.058545,131,write,mp_ssd,5
0.055762,15,munmap,mp_ssd,5
0.041337,339,futex,mp_ssd,5
0.005621,155,open,mp_ssd,5
0.002013,52,mmap,mp_ssd,5
0.001240,64,stat,mp_ssd,5
0.001028,18,close,mp_ssd,5
0.000961,15,clone,mp_ssd,5
0.000918,15,fstat,mp_ssd,5
0.000496,27,mprotect,mp_ssd,5
0.000267,13,lseek,mp_ssd,5
0.000023,1,access,mp_ssd,5
0.000018,1,execve,mp_ssd,5
0.000016,1,arch_prctl,mp_ssd,5
0.000000,2,rt_sigaction,mp_ssd,5
0.000000,1,rt_sigprocmask,mp_ssd,5
0.000000,1,getrlimit,mp_ssd,5
0.000000,1,set_tid_address,mp_ssd,5
0.000000,1,set_robust_list,mp_ssd,5
6.104458,228849,read,mp_lustre,5
0.391779,28110,brk,mp_lustre,5
0.268359,427,futex,mp_lustre,5
0.153667,133,write,mp_lustre,5
0.128593,17,nanosleep,mp_lustre,5
0.060550,15,munmap,mp_lustre,5
0.003406,155,open,mp_lustre,5
0.002543,52,mmap,mp_lustre,5
0.002086,15,clone,mp_lustre,5
0.001065,18,close,mp_lustre,5
0.000997,64,stat,mp_lustre,5
0.000724,27,mprotect,mp_lustre,5
0.000372,15,fstat,mp_lustre,5
0.000040,13,lseek,mp_lustre,5
0.000024,1,access,mp_lustre,5
0.000022,2,rt_sigaction,mp_lustre,5
0.000019,1,execve,mp_lustre,5
0.000013,1,set_tid_address,mp_lustre,5
0.000012,1,getrlimit,mp_lustre,5
0.000011,1,rt_sigprocmask,mp_lustre,5
0.000011,1,arch_prctl,mp_lustre,5
0.000010,1,set_robust_list,mp_lustre,5
6.727435,228879,read,mp_ssd,6
0.461956,28106,brk,mp_ssd,6
0.163735,17,nanosleep,mp_ssd,6
0.024986,15,munmap,mp_ssd,6
0.019463,128,write,mp_ssd,6
0.006307,155,open,mp_ssd,6
0.005439,349,futex,mp_ssd,6
0.004637,53,mmap,mp_ssd,6
0.003527,15,clone,mp_ssd,6
0.002737,27,mprotect,mp_ssd,6
0.001054,64,stat,mp_ssd,6
0.000774,18,close,mp_ssd,6
0.000679,16,fstat,mp_ssd,6
0.000134,13,lseek,mp_ssd,6
0.000026,2,rt_sigaction,mp_ssd,6
0.000025,1,access,mp_ssd,6
0.000017,1,execve,mp_ssd,6
0.000013,1,getrlimit,mp_ssd,6
0.000012,1,arch_prctl,mp_ssd,6
0.000011,1,rt_sigprocmask,mp_ssd,6
0.000010,1,set_tid_address,mp_ssd,6
0.000010,1,set_robust_list,mp_ssd,6
6.335998,228867,read,mp_lustre,6
0.401385,28110,brk,mp_lustre,6
0.260716,441,futex,mp_lustre,6
0.150068,16,nanosleep,mp_lustre,6
0.097877,123,write,mp_lustre,6
0.058402,15,munmap,mp_lustre,6
0.005570,155,open,mp_lustre,6
0.003624,52,mmap,mp_lustre,6
0.002470,15,clone,mp_lustre,6
0.001764,27,mprotect,mp_lustre,6
0.001459,64,stat,mp_lustre,6
0.001287,18,close,mp_lustre,6
0.000806,15,fstat,mp_lustre,6
0.000220,13,lseek,mp_lustre,6
0.000034,1,access,mp_lustre,6
0.000029,2,rt_sigaction,mp_lustre,6
0.000020,1,execve,mp_lustre,6
0.000016,1,getrlimit,mp_lustre,6
0.000016,1,arch_prctl,mp_lustre,6
0.000016,1,set_tid_address,mp_lustre,6
0.000015,1,rt_sigprocmask,mp_lustre,6
0.000014,1,set_robust_list,mp_lustre,6
6.748982,228861,read,mp_ssd,7
0.459613,28106,brk,mp_ssd,7
0.154701,17,nanosleep,mp_ssd,7
0.033764,127,write,mp_ssd,7
0.026246,15,munmap,mp_ssd,7
0.018511,338,futex,mp_ssd,7
0.006409,155,open,mp_ssd,7
0.004141,52,mmap,mp_ssd,7
0.003459,27,mprotect,mp_ssd,7
0.002864,15,clone,mp_ssd,7
0.001031,64,stat,mp_ssd,7
0.000934,18,close,mp_ssd,7
0.000646,15,fstat,mp_ssd,7
0.000174,13,lseek,mp_ssd,7
0.000027,1,access,mp_ssd,7
0.000022,2,rt_sigaction,mp_ssd,7
0.000018,1,execve,mp_ssd,7
0.000013,1,getrlimit,mp_ssd,7
0.000013,1,set_tid_address,mp_ssd,7
0.000012,1,rt_sigprocmask,mp_ssd,7
0.000012,1,arch_prctl,mp_ssd,7
0.000010,1,set_robust_list,mp_ssd,7
6.070925,228851,read,mp_lustre,7
0.381269,28108,brk,mp_lustre,7
0.252748,452,futex,mp_lustre,7
0.155922,135,write,mp_lustre,7
0.124852,15,nanosleep,mp_lustre,7
0.053349,15,munmap,mp_lustre,7
0.004793,155,open,mp_lustre,7
0.001715,52,mmap,mp_lustre,7
0.001212,15,clone,mp_lustre,7
0.001187,18,close,mp_lustre,7
0.001057,64,stat,mp_lustre,7
0.000933,27,mprotect,mp_lustre,7
0.000743,15,fstat,mp_lustre,7
0.000146,13,lseek,mp_lustre,7
0.000032,1,execve,mp_lustre,7
0.000028,1,access,mp_lustre,7
0.000023,2,rt_sigaction,mp_lustre,7
0.000014,1,arch_prctl,mp_lustre,7
0.000012,1,set_tid_address,mp_lustre,7
0.000011,1,rt_sigprocmask,mp_lustre,7
0.000011,1,getrlimit,mp_lustre,7
0.000010,1,set_robust_list,mp_lustre,7
7.324586,228869,read,mp_ssd,8
0.514739,28108,brk,mp_ssd,8
0.145317,16,nanosleep,mp_ssd,8
0.006378,155,open,mp_ssd,8
0.005893,52,mmap,mp_ssd,8
0.005880,345,futex,mp_ssd,8
0.003935,27,mprotect,mp_ssd,8
0.003738,15,clone,mp_ssd,8
0.001021,64,stat,mp_ssd,8
0.000670,15,fstat,mp_ssd,8
0.000461,127,write,mp_ssd,8
0.000302,18,close,mp_ssd,8
0.000218,13,lseek,mp_ssd,8
0.000118,15,munmap,mp_ssd,8
0.000026,1,access,mp_ssd,8
0.000021,1,execve,mp_ssd,8
0.000013,1,arch_prctl,mp_ssd,8
0.000000,2,rt_sigaction,mp_ssd,8
0.000000,1,rt_sigprocmask,mp_ssd,8
0.000000,1,getrlimit,mp_ssd,8
0.000000,1,set_tid_address,mp_ssd,8
0.000000,1,set_robust_list,mp_ssd,8
6.265051,228863,read,mp_lustre,8
0.417734,28110,brk,mp_lustre,8
0.241727,446,futex,mp_lustre,8
0.149724,15,munmap,mp_lustre,8
0.146598,16,nanosleep,mp_lustre,8
0.117611,124,write,mp_lustre,8
0.005709,155,open,mp_lustre,8
0.003185,52,mmap,mp_lustre,8
0.002989,15,clone,mp_lustre,8
0.001456,27,mprotect,mp_lustre,8
0.001314,64,stat,mp_lustre,8
0.001062,18,close,mp_lustre,8
0.000818,15,fstat,mp_lustre,8
0.000208,13,lseek,mp_lustre,8
0.000030,2,rt_sigaction,mp_lustre,8
0.000029,1,access,mp_lustre,8
0.000025,1,execve,mp_lustre,8
0.000015,1,rt_sigprocmask,mp_lustre,8
0.000015,1,getrlimit,mp_lustre,8
0.000015,1,set_tid_address,mp_lustre,8
0.000014,1,set_robust_list,mp_lustre,8
0.000000,1,arch_prctl,mp_lustre,8
6.978689,228863,read,mp_ssd,9
0.465983,28108,brk,mp_ssd,9
0.152908,17,nanosleep,mp_ssd,9
0.031365,15,munmap,mp_ssd,9
0.028974,125,write,mp_ssd,9
0.012245,341,futex,mp_ssd,9
0.005565,155,open,mp_ssd,9
0.003870,52,mmap,mp_ssd,9
0.002620,15,clone,mp_ssd,9
0.001843,27,mprotect,mp_ssd,9
0.000733,15,fstat,mp_ssd,9
0.000581,18,close,mp_ssd,9
0.000488,64,stat,mp_ssd,9
0.000182,13,lseek,mp_ssd,9
0.000024,2,rt_sigaction,mp_ssd,9
0.000017,1,execve,mp_ssd,9
0.000014,1,arch_prctl,mp_ssd,9
0.000014,1,set_tid_address,mp_ssd,9
0.000013,1,set_robust_list,mp_ssd,9
0.000011,1,rt_sigprocmask,mp_ssd,9
0.000010,1,getrlimit,mp_ssd,9
0.000000,1,access,mp_ssd,9
6.203563,228865,read,mp_lustre,9
0.404701,28110,brk,mp_lustre,9
0.230340,450,futex,mp_lustre,9
0.163744,17,nanosleep,mp_lustre,9
0.143843,131,write,mp_lustre,9
0.092224,15,munmap,mp_lustre,9
0.004038,155,open,mp_lustre,9
0.003982,15,clone,mp_lustre,9
0.003890,52,mmap,mp_lustre,9
0.002382,27,mprotect,mp_lustre,9
0.001035,64,stat,mp_lustre,9
0.000933,18,close,mp_lustre,9
0.000587,15,fstat,mp_lustre,9
0.000161,13,lseek,mp_lustre,9
0.000023,1,access,mp_lustre,9
0.000019,1,execve,mp_lustre,9
0.000000,2,rt_sigaction,mp_lustre,9
0.000000,1,rt_sigprocmask,mp_lustre,9
0.000000,1,getrlimit,mp_lustre,9
0.000000,1,arch_prctl,mp_lustre,9
0.000000,1,set_tid_address,mp_lustre,9
0.000000,1,set_robust_list,mp_lustre,9
7.212862,228869,read,mp_ssd,10
0.492079,28110,brk,mp_ssd,10
0.151189,17,nanosleep,mp_ssd,10
0.005294,155,open,mp_ssd,10
0.005065,52,mmap,mp_ssd,10
0.004517,15,clone,mp_ssd,10
0.003806,27,mprotect,mp_ssd,10
0.000828,64,stat,mp_ssd,10
0.000615,15,fstat,mp_ssd,10
0.000534,117,write,mp_ssd,10
0.000397,18,close,mp_ssd,10
0.000186,13,lseek,mp_ssd,10
0.000115,15,munmap,mp_ssd,10
0.000023,374,futex,mp_ssd,10
0.000020,1,execve,mp_ssd,10
0.000011,1,getrlimit,mp_ssd,10
0.000011,1,arch_prctl,mp_ssd,10
0.000000,2,rt_sigaction,mp_ssd,10
0.000000,1,rt_sigprocmask,mp_ssd,10
0.000000,1,access,mp_ssd,10
0.000000,1,set_tid_address,mp_ssd,10
0.000000,1,set_robust_list,mp_ssd,10
6.434166,228859,read,mp_lustre,10
0.415482,28108,brk,mp_lustre,10
0.206781,468,futex,mp_lustre,10
0.149275,16,nanosleep,mp_lustre,10
0.137575,15,munmap,mp_lustre,10
0.132268,131,write,mp_lustre,10
0.003987,52,mmap,mp_lustre,10
0.003827,155,open,mp_lustre,10
0.003167,15,clone,mp_lustre,10
0.002902,27,mprotect,mp_lustre,10
0.001437,18,close,mp_lustre,10
0.000768,15,fstat,mp_lustre,10
0.000436,64,stat,mp_lustre,10
0.000175,13,lseek,mp_lustre,10
0.000022,2,rt_sigaction,mp_lustre,10
0.000012,1,getrlimit,mp_lustre,10
0.000012,1,set_tid_address,mp_lustre,10
0.000010,1,rt_sigprocmask,mp_lustre,10
0.000010,1,arch_prctl,mp_lustre,10
0.000009,1,set_robust_list,mp_lustre,10
0.000000,1,access,mp_lustre,10
0.000000,1,execve,mp_lustre,10
7.261641,228863,read,mp_ssd,11
0.531319,28108,brk,mp_ssd,11
0.147805,17,nanosleep,mp_ssd,11
0.008994,52,mmap,mp_ssd,11
0.005518,155,open,mp_ssd,11
0.004560,27,mprotect,mp_ssd,11
0.004327,339,futex,mp_ssd,11
0.003894,15,clone,mp_ssd,11
0.001053,64,stat,mp_ssd,11
0.000553,121,write,mp_ssd,11
0.000542,15,fstat,mp_ssd,11
0.000225,18,close,mp_ssd,11
0.000214,15,munmap,mp_ssd,11
0.000187,13,lseek,mp_ssd,11
0.000026,1,execve,mp_ssd,11
0.000025,1,access,mp_ssd,11
0.000022,2,rt_sigaction,mp_ssd,11
0.000015,1,rt_sigprocmask,mp_ssd,11
0.000015,1,set_tid_address,mp_ssd,11
0.000013,1,getrlimit,mp_ssd,11
0.000012,1,arch_prctl,mp_ssd,11
0.000011,1,set_robust_list,mp_ssd,11
6.047692,228857,read,mp_lustre,11
0.382793,28108,brk,mp_lustre,11
0.256289,473,futex,mp_lustre,11
0.145524,135,write,mp_lustre,11
0.142383,16,nanosleep,mp_lustre,11
0.050093,15,munmap,mp_lustre,11
0.004592,155,open,mp_lustre,11
0.002239,52,mmap,mp_lustre,11
0.001920,15,clone,mp_lustre,11
0.001098,27,mprotect,mp_lustre,11
0.001031,64,stat,mp_lustre,11
0.000962,18,close,mp_lustre,11
0.000682,15,fstat,mp_lustre,11
0.000156,13,lseek,mp_lustre,11
0.000022,2,rt_sigaction,mp_lustre,11
0.000022,1,access,mp_lustre,11
0.000012,1,rt_sigprocmask,mp_lustre,11
0.000012,1,getrlimit,mp_lustre,11
0.000011,1,arch_prctl,mp_lustre,11
0.000011,1,set_tid_address,mp_lustre,11
0.000010,1,set_robust_list,mp_lustre,11
0.000000,1,execve,mp_lustre,11
7.362968,228867,read,mp_ssd,12
0.512936,28106,brk,mp_ssd,12
0.160333,17,nanosleep,mp_ssd,12
0.027345,15,munmap,mp_ssd,12
0.008490,53,mmap,mp_ssd,12
0.008186,136,write,mp_ssd,12
0.006975,299,futex,mp_ssd,12
0.006282,155,open,mp_ssd,12
0.005503,27,mprotect,mp_ssd,12
0.005023,15,clone,mp_ssd,12
0.001456,16,fstat,mp_ssd,12
0.001290,18,close,mp_ssd,12
0.000994,64,stat,mp_ssd,12
0.000367,13,lseek,mp_ssd,12
0.000026,1,access,mp_ssd,12
0.000024,2,rt_sigaction,mp_ssd,12
0.000019,1,execve,mp_ssd,12
0.000012,1,getrlimit,mp_ssd,12
0.000012,1,set_tid_address,mp_ssd,12
0.000011,1,rt_sigprocmask,mp_ssd,12
0.000011,1,arch_prctl,mp_ssd,12
0.000011,1,set_robust_list,mp_ssd,12
6.056978,228857,read,mp_lustre,12
0.388030,28110,brk,mp_lustre,12
0.233308,450,futex,mp_lustre,12
0.160327,134,write,mp_lustre,12
0.130982,17,nanosleep,mp_lustre,12
0.077221,15,munmap,mp_lustre,12
0.003952,155,open,mp_lustre,12
0.002283,52,mmap,mp_lustre,12
0.002156,15,clone,mp_lustre,12
0.001363,27,mprotect,mp_lustre,12
0.001054,18,close,mp_lustre,12
0.000733,64,stat,mp_lustre,12
0.000492,15,fstat,mp_lustre,12
0.000143,13,lseek,mp_lustre,12
0.000023,1,access,mp_lustre,12
0.000019,2,rt_sigaction,mp_lustre,12
0.000018,1,execve,mp_lustre,12
0.000012,1,arch_prctl,mp_lustre,12
0.000011,1,set_tid_address,mp_lustre,12
0.000010,1,rt_sigprocmask,mp_lustre,12
0.000010,1,getrlimit,mp_lustre,12
0.000009,1,set_robust_list,mp_lustre,12
6.183171,228855,read,mp_ssd,13
0.399179,28108,brk,mp_ssd,13
0.146400,16,nanosleep,mp_ssd,13
0.049191,330,futex,mp_ssd,13
0.046828,15,munmap,mp_ssd,13
0.034296,127,write,mp_ssd,13
0.006285,155,open,mp_ssd,13
0.002590,52,mmap,mp_ssd,13
0.001591,27,mprotect,mp_ssd,13
0.001404,15,clone,mp_ssd,13
0.001391,64,stat,mp_ssd,13
0.000812,18,close,mp_ssd,13
0.000679,15,fstat,mp_ssd,13
0.000206,13,lseek,mp_ssd,13
0.000030,1,access,mp_ssd,13
0.000018,1,execve,mp_ssd,13
0.000016,1,arch_prctl,mp_ssd,13
0.000000,2,rt_sigaction,mp_ssd,13
0.000000,1,rt_sigprocmask,mp_ssd,13
0.000000,1,getrlimit,mp_ssd,13
0.000000,1,set_tid_address,mp_ssd,13
0.000000,1,set_robust_list,mp_ssd,13
6.026107,228861,read,mp_lustre,13
0.380275,28110,brk,mp_lustre,13
0.246727,427,futex,mp_lustre,13
0.152616,128,write,mp_lustre,13
0.144483,17,nanosleep,mp_lustre,13
0.054459,15,munmap,mp_lustre,13
0.006060,155,open,mp_lustre,13
0.002857,52,mmap,mp_lustre,13
0.002115,15,clone,mp_lustre,13
0.001322,27,mprotect,mp_lustre,13
0.001254,18,close,mp_lustre,13
0.000850,64,stat,mp_lustre,13
0.000676,15,fstat,mp_lustre,13
0.000182,13,lseek,mp_lustre,13
0.000024,2,rt_sigaction,mp_lustre,13
0.000019,1,execve,mp_lustre,13
0.000013,1,rt_sigprocmask,mp_lustre,13
0.000012,1,getrlimit,mp_lustre,13
0.000011,1,arch_prctl,mp_lustre,13
0.000011,1,set_tid_address,mp_lustre,13
0.000011,1,set_robust_list,mp_lustre,13
0.000000,1,access,mp_lustre,13
6.065681,228865,read,mp_ssd,14
0.386637,28108,brk,mp_ssd,14
0.153884,18,nanosleep,mp_ssd,14
0.051347,123,write,mp_ssd,14
0.040015,15,munmap,mp_ssd,14
0.033558,334,futex,mp_ssd,14
0.006537,155,open,mp_ssd,14
0.001513,52,mmap,mp_ssd,14
0.001207,27,mprotect,mp_ssd,14
0.001113,15,clone,mp_ssd,14
0.000992,64,stat,mp_ssd,14
0.000630,15,fstat,mp_ssd,14
0.000548,18,close,mp_ssd,14
0.000161,13,lseek,mp_ssd,14
0.000023,1,access,mp_ssd,14
0.000022,1,execve,mp_ssd,14
0.000013,1,arch_prctl,mp_ssd,14
0.000000,2,rt_sigaction,mp_ssd,14
0.000000,1,rt_sigprocmask,mp_ssd,14
0.000000,1,getrlimit,mp_ssd,14
0.000000,1,set_tid_address,mp_ssd,14
0.000000,1,set_robust_list,mp_ssd,14
6.003775,228865,read,mp_lustre,14
0.380885,28110,brk,mp_lustre,14
0.231283,442,futex,mp_lustre,14
0.136390,17,nanosleep,mp_lustre,14
0.115942,131,write,mp_lustre,14
0.075560,15,munmap,mp_lustre,14
0.004456,155,open,mp_lustre,14
0.002085,15,clone,mp_lustre,14
0.001768,52,mmap,mp_lustre,14
0.001030,64,stat,mp_lustre,14
0.000934,27,mprotect,mp_lustre,14
0.000647,18,close,mp_lustre,14
0.000645,15,fstat,mp_lustre,14
0.000120,13,lseek,mp_lustre,14
0.000024,1,access,mp_lustre,14
0.000022,2,rt_sigaction,mp_lustre,14
0.000018,1,execve,mp_lustre,14
0.000012,1,getrlimit,mp_lustre,14
0.000012,1,arch_prctl,mp_lustre,14
0.000011,1,rt_sigprocmask,mp_lustre,14
0.000011,1,set_robust_list,mp_lustre,14
0.000010,1,set_tid_address,mp_lustre,14
6.970368,228859,read,mp_ssd,15
0.500977,28108,brk,mp_ssd,15
0.150791,16,nanosleep,mp_ssd,15
0.036003,15,munmap,mp_ssd,15
0.021710,131,write,mp_ssd,15
0.006333,155,open,mp_ssd,15
0.003651,295,futex,mp_ssd,15
0.002810,15,clone,mp_ssd,15
0.002737,52,mmap,mp_ssd,15
0.002612,27,mprotect,mp_ssd,15
0.001008,64,stat,mp_ssd,15
0.000627,15,fstat,mp_ssd,15
0.000509,18,close,mp_ssd,15
0.000161,13,lseek,mp_ssd,15
0.000022,2,rt_sigaction,mp_ssd,15
0.000022,1,access,mp_ssd,15
0.000018,1,execve,mp_ssd,15
0.000012,1,getrlimit,mp_ssd,15
0.000012,1,set_tid_address,mp_ssd,15
0.000011,1,rt_sigprocmask,mp_ssd,15
0.000010,1,arch_prctl,mp_ssd,15
0.000010,1,set_robust_list,mp_ssd,15
7.946001,228863,read,mp_lustre,15
0.548553,28110,brk,mp_lustre,15
0.138887,16,nanosleep,mp_lustre,15
0.108879,425,futex,mp_lustre,15
0.079912,140,write,mp_lustre,15
0.021820,15,munmap,mp_lustre,15
0.007054,52,mmap,mp_lustre,15
0.006377,155,open,mp_lustre,15
0.005062,27,mprotect,mp_lustre,15
0.003938,15,clone,mp_lustre,15
0.001353,18,close,mp_lustre,15
0.000757,64,stat,mp_lustre,15
0.000652,15,fstat,mp_lustre,15
0.000185,13,lseek,mp_lustre,15
0.000020,2,rt_sigaction,mp_lustre,15
0.000017,1,execve,mp_lustre,15
0.000014,1,set_tid_address,mp_lustre,15
0.000012,1,arch_prctl,mp_lustre,15
0.000011,1,getrlimit,mp_lustre,15
0.000010,1,rt_sigprocmask,mp_lustre,15
0.000010,1,set_robust_list,mp_lustre,15
0.000000,1,access,mp_lustre,15
